1;Liam;36;197;pool-7-thread-1-89;pool-8-thread-1-97;164;180;pool-5-thread-1-73;27;pool-6-thread-1-81;
2;Noah;39;185;pool-7-thread-2-90;pool-8-thread-2-98;71;128;pool-5-thread-2-74;28;pool-6-thread-2-82;
3;Oliver;51;78;pool-7-thread-3-91;pool-8-thread-3-99;81;79;pool-5-thread-3-75;4;pool-6-thread-3-83;
4;Elijah;39;52;pool-7-thread-4-92;pool-8-thread-4-100;106;79;pool-5-thread-4-76;1;pool-6-thread-4-84;
5;William;34;116;pool-7-thread-5-93;pool-8-thread-5-101;61;88;pool-5-thread-5-77;9;pool-6-thread-5-85;
6;James;30;67;pool-7-thread-6-94;pool-8-thread-6-102;142;104;pool-5-thread-6-78;4;pool-6-thread-6-86;
7;Benjamin;46;190;pool-7-thread-7-95;pool-8-thread-7-103;126;158;pool-5-thread-7-79;28;pool-6-thread-7-87;
8;Lucas;24;120;pool-7-thread-8-96;pool-8-thread-8-104;191;155;pool-5-thread-8-80;5;pool-6-thread-8-88;
9;Henry;37;182;pool-7-thread-5-93;pool-8-thread-1-97;104;143;pool-5-thread-2-74;29;pool-6-thread-1-81;
10;Alexander;44;186;pool-7-thread-5-93;pool-8-thread-2-98;143;164;pool-5-thread-1-73;27;pool-6-thread-1-81;
11;Mason;21;165;pool-7-thread-6-94;pool-8-thread-3-99;182;173;pool-5-thread-4-76;25;pool-6-thread-5-85;
12;Michael;31;157;pool-7-thread-5-93;pool-8-thread-1-97;149;153;pool-5-thread-2-74;27;pool-6-thread-2-82;
13;Ethan;41;110;pool-7-thread-1-89;pool-8-thread-6-102;180;145;pool-5-thread-4-76;9;pool-6-thread-4-84;
14;Daniel;44;99;pool-7-thread-6-94;pool-8-thread-1-97;84;91;pool-5-thread-2-74;3;pool-6-thread-3-83;
15;Jacob;28;76;pool-7-thread-5-93;pool-8-thread-6-102;181;128;pool-5-thread-4-76;1;pool-6-thread-1-81;
16;Logan;21;75;pool-7-thread-1-89;pool-8-thread-1-97;173;124;pool-5-thread-2-74;2;pool-6-thread-2-82;
17;Jackson;37;145;pool-7-thread-6-94;pool-8-thread-6-102;116;130;pool-5-thread-4-76;8;pool-6-thread-1-81;
18;Levi;29;57;pool-7-thread-5-93;pool-8-thread-1-97;83;70;pool-5-thread-2-74;2;pool-6-thread-2-82;
19;Sebastian;33;142;pool-7-thread-1-89;pool-8-thread-6-102;88;115;pool-5-thread-4-76;6;pool-6-thread-1-81;
20;Mateo;47;196;pool-7-thread-5-93;pool-8-thread-1-97;200;198;pool-5-thread-2-74;28;pool-6-thread-2-82;
21;Jack;37;160;pool-7-thread-1-89;pool-8-thread-6-102;119;139;pool-5-thread-4-76;28;pool-6-thread-4-84;
22;Owen;43;55;pool-7-thread-5-93;pool-8-thread-2-98;65;60;pool-5-thread-2-74;4;pool-6-thread-2-82;
23;Theodore;32;181;pool-7-thread-1-89;pool-8-thread-3-99;102;141;pool-5-thread-2-74;28;pool-6-thread-4-84;
24;Aiden;50;118;pool-7-thread-3-91;pool-8-thread-1-97;128;123;pool-5-thread-5-77;7;pool-6-thread-2-82;
25;Samuel;39;83;pool-7-thread-5-93;pool-8-thread-2-98;64;73;pool-5-thread-2-74;3;pool-6-thread-4-84;
26;Joseph;52;158;pool-7-thread-1-89;pool-8-thread-3-99;123;140;pool-5-thread-5-77;26;pool-6-thread-2-82;
27;John;49;188;pool-7-thread-3-91;pool-8-thread-1-97;104;146;pool-5-thread-2-74;29;pool-6-thread-4-84;
28;David;47;124;pool-7-thread-5-93;pool-8-thread-2-98;139;131;pool-5-thread-5-77;5;pool-6-thread-4-84;
29;Wyatt;40;84;pool-7-thread-1-89;pool-8-thread-3-99;119;101;pool-5-thread-2-74;2;pool-6-thread-6-86;
30;Matthew;39;57;pool-7-thread-6-94;pool-8-thread-6-102;64;60;pool-5-thread-5-77;1;pool-6-thread-3-83;
31;Luke;26;144;pool-7-thread-5-93;pool-8-thread-2-98;82;113;pool-5-thread-2-74;8;pool-6-thread-4-84;
32;Asher;30;133;pool-7-thread-1-89;pool-8-thread-3-99;73;103;pool-5-thread-5-77;5;pool-6-thread-3-83;
33;Carter;45;151;pool-7-thread-6-94;pool-8-thread-5-101;191;171;pool-5-thread-2-74;25;pool-6-thread-4-84;
34;Julian;48;101;pool-7-thread-2-90;pool-8-thread-2-98;152;126;pool-5-thread-5-77;9;pool-6-thread-7-87;
35;Grayson;31;120;pool-7-thread-4-92;pool-8-thread-3-99;150;135;pool-5-thread-2-74;8;pool-6-thread-1-81;
36;Leo;34;180;pool-7-thread-3-91;pool-8-thread-5-101;175;177;pool-5-thread-1-73;26;pool-6-thread-4-84;
37;Jayden;21;51;pool-7-thread-5-93;pool-8-thread-2-98;179;115;pool-5-thread-4-76;3;pool-6-thread-7-87;
38;Gabriel;46;57;pool-7-thread-4-92;pool-8-thread-3-99;129;93;pool-5-thread-5-77;0;pool-6-thread-1-81;
39;Isaac;45;132;pool-7-thread-3-91;pool-8-thread-1-97;82;107;pool-5-thread-4-76;6;pool-6-thread-4-84;
40;Lincoln;24;135;pool-7-thread-6-94;pool-8-thread-2-98;152;143;pool-5-thread-5-77;9;pool-6-thread-7-87;
41;Anthony;27;157;pool-7-thread-5-93;pool-8-thread-6-102;177;167;pool-5-thread-4-76;27;pool-6-thread-1-81;
42;Hudson;45;88;pool-7-thread-1-89;pool-8-thread-2-98;105;96;pool-5-thread-5-77;3;pool-6-thread-2-82;
43;Dylan;29;199;pool-7-thread-5-93;pool-8-thread-6-102;182;190;pool-5-thread-4-76;27;pool-6-thread-7-87;
44;Ezra;22;65;pool-7-thread-2-90;pool-8-thread-2-98;177;121;pool-5-thread-5-77;0;pool-6-thread-1-81;
45;Thomas;31;80;pool-7-thread-4-92;pool-8-thread-6-102;93;86;pool-5-thread-4-76;3;pool-6-thread-2-82;
46;Charles;44;79;pool-7-thread-5-93;pool-8-thread-2-98;127;103;pool-5-thread-5-77;0;pool-6-thread-5-85;
47;Christopher;31;194;pool-7-thread-2-90;pool-8-thread-6-102;122;158;pool-5-thread-4-76;28;pool-6-thread-8-88;
48;Jaxon;41;64;pool-7-thread-4-92;pool-8-thread-2-98;128;96;pool-5-thread-5-77;1;pool-6-thread-2-82;
49;Maverick;40;66;pool-7-thread-2-90;pool-8-thread-6-102;147;106;pool-5-thread-4-76;4;pool-6-thread-5-85;
50;Josiah;43;145;pool-7-thread-3-91;pool-8-thread-2-98;74;109;pool-5-thread-5-77;9;pool-6-thread-6-86;
51;Isaiah;20;185;pool-7-thread-4-92;pool-8-thread-5-101;152;168;pool-5-thread-4-76;27;pool-6-thread-2-82;
52;Andrew;51;149;pool-7-thread-2-90;pool-8-thread-6-102;137;143;pool-5-thread-5-77;9;pool-6-thread-3-83;
53;Elias;45;180;pool-7-thread-3-91;pool-8-thread-2-98;102;141;pool-5-thread-4-76;29;pool-6-thread-6-86;
54;Joshua;46;123;pool-7-thread-6-94;pool-8-thread-3-99;100;111;pool-5-thread-5-77;6;pool-6-thread-2-82;
55;Nathan;53;119;pool-7-thread-1-89;pool-8-thread-6-102;118;118;pool-5-thread-4-76;7;pool-6-thread-3-83;
56;Caleb;23;156;pool-7-thread-5-93;pool-8-thread-2-98;122;139;pool-5-thread-5-77;25;pool-6-thread-6-86;
57;Ryan;33;167;pool-7-thread-4-92;pool-8-thread-3-99;64;115;pool-5-thread-4-76;28;pool-6-thread-2-82;
58;Adrian;40;156;pool-7-thread-5-93;pool-8-thread-6-102;77;116;pool-5-thread-5-77;25;pool-6-thread-3-83;
59;Miles;32;114;pool-7-thread-1-89;pool-8-thread-2-98;134;124;pool-5-thread-4-76;5;pool-6-thread-6-86;
60;Eli;23;62;pool-7-thread-4-92;pool-8-thread-4-100;170;116;pool-5-thread-5-77;3;pool-6-thread-2-82;
61;Nolan;20;122;pool-7-thread-5-93;pool-8-thread-6-102;91;106;pool-5-thread-4-76;7;pool-6-thread-3-83;
62;Christian;21;181;pool-7-thread-1-89;pool-8-thread-2-98;81;131;pool-5-thread-5-77;27;pool-6-thread-6-86;
63;Aaron;21;145;pool-7-thread-4-92;pool-8-thread-4-100;124;134;pool-5-thread-5-77;9;pool-6-thread-2-82;
64;Cameron;29;194;pool-7-thread-6-94;pool-8-thread-6-102;174;184;pool-5-thread-5-77;26;pool-6-thread-4-84;
65;Ezekiel;50;139;pool-7-thread-3-91;pool-8-thread-1-97;112;125;pool-5-thread-5-77;9;pool-6-thread-7-87;
66;Colton;27;133;pool-7-thread-4-92;pool-8-thread-8-104;154;143;pool-5-thread-5-77;8;pool-6-thread-1-81;
67;Luca;29;53;pool-7-thread-6-94;pool-8-thread-6-102;96;74;pool-5-thread-5-77;4;pool-6-thread-8-88;
68;Landon;52;189;pool-7-thread-3-91;pool-8-thread-1-97;100;144;pool-5-thread-5-77;27;pool-6-thread-5-85;
69;Hunter;36;155;pool-7-thread-4-92;pool-8-thread-5-101;82;118;pool-5-thread-5-77;27;pool-6-thread-3-83;
70;Jonathan;37;63;pool-7-thread-6-94;pool-8-thread-6-102;171;117;pool-5-thread-5-77;2;pool-6-thread-6-86;
71;Santiago;43;118;pool-7-thread-2-90;pool-8-thread-1-97;154;136;pool-5-thread-5-77;8;pool-6-thread-2-82;
72;Axel;31;126;pool-7-thread-4-92;pool-8-thread-5-101;95;110;pool-5-thread-5-77;7;pool-6-thread-4-84;
73;Easton;46;91;pool-7-thread-6-94;pool-8-thread-1-97;168;129;pool-5-thread-5-77;1;pool-6-thread-6-86;
74;Cooper;43;106;pool-7-thread-7-95;pool-8-thread-3-99;197;151;pool-5-thread-5-77;7;pool-6-thread-2-82;
75;Jeremiah;30;94;pool-7-thread-4-92;pool-8-thread-2-98;191;142;pool-5-thread-5-77;2;pool-6-thread-4-84;
76;Angel;28;82;pool-7-thread-6-94;pool-8-thread-1-97;124;103;pool-5-thread-5-77;2;pool-6-thread-2-82;
77;Roman;52;110;pool-7-thread-7-95;pool-8-thread-3-99;73;91;pool-5-thread-5-77;7;pool-6-thread-3-83;
78;Connor;28;97;pool-7-thread-4-92;pool-8-thread-5-101;163;130;pool-5-thread-5-77;1;pool-6-thread-4-84;
79;Jameson;48;196;pool-7-thread-6-94;pool-8-thread-4-100;186;191;pool-5-thread-5-77;29;pool-6-thread-2-82;
80;Robert;40;123;pool-7-thread-7-95;pool-8-thread-8-104;102;112;pool-5-thread-5-77;9;pool-6-thread-3-83;
81;Greyson;32;153;pool-7-thread-8-96;pool-8-thread-6-102;155;154;pool-5-thread-5-77;29;pool-6-thread-4-84;
82;Jordan;49;108;pool-7-thread-7-95;pool-8-thread-2-98;102;105;pool-5-thread-5-77;9;pool-6-thread-6-86;
83;Ian;40;74;pool-7-thread-5-93;pool-8-thread-8-104;136;105;pool-5-thread-5-77;4;pool-6-thread-2-82;
84;Carson;41;94;pool-7-thread-1-89;pool-8-thread-6-102;92;93;pool-5-thread-5-77;4;pool-6-thread-3-83;
85;Jaxson;44;101;pool-7-thread-3-91;pool-8-thread-2-98;158;129;pool-5-thread-5-77;8;pool-6-thread-4-84;
86;Leonardo;35;122;pool-7-thread-5-93;pool-8-thread-1-97;104;113;pool-5-thread-5-77;6;pool-6-thread-2-82;
87;Nicholas;53;158;pool-7-thread-1-89;pool-8-thread-3-99;62;110;pool-5-thread-5-77;28;pool-6-thread-3-83;
88;Dominic;50;113;pool-7-thread-5-93;pool-8-thread-4-100;66;89;pool-5-thread-5-77;9;pool-6-thread-4-84;
89;Austin;21;120;pool-7-thread-2-90;pool-8-thread-1-97;96;108;pool-5-thread-5-77;9;pool-6-thread-3-83;
90;Everett;51;95;pool-7-thread-1-89;pool-8-thread-3-99;190;142;pool-5-thread-5-77;2;pool-6-thread-5-85;
91;Brooks;20;158;pool-7-thread-5-93;pool-8-thread-4-100;103;130;pool-5-thread-5-77;25;pool-6-thread-4-84;
92;Xavier;20;126;pool-7-thread-4-92;pool-8-thread-5-101;103;114;pool-5-thread-5-77;5;pool-6-thread-3-83;
93;Kai;39;187;pool-7-thread-6-94;pool-8-thread-7-103;64;125;pool-5-thread-5-77;25;pool-6-thread-5-85;
94;Jose;38;129;pool-7-thread-8-96;pool-8-thread-8-104;148;138;pool-5-thread-5-77;7;pool-6-thread-4-84;
95;Parker;39;144;pool-7-thread-7-95;pool-8-thread-6-102;154;149;pool-5-thread-5-77;9;pool-6-thread-3-83;
96;Adam;39;132;pool-7-thread-3-91;pool-8-thread-2-98;59;95;pool-5-thread-5-77;7;pool-6-thread-5-85;
97;Jace;28;177;pool-7-thread-1-89;pool-8-thread-1-97;160;168;pool-5-thread-5-77;28;pool-6-thread-4-84;
98;Wesley;44;137;pool-7-thread-3-91;pool-8-thread-6-102;70;103;pool-5-thread-5-77;8;pool-6-thread-3-83;
99;Kayden;29;86;pool-7-thread-2-90;pool-8-thread-2-98;50;68;pool-5-thread-5-77;1;pool-6-thread-8-88;
100;Silas;30;123;pool-7-thread-7-95;pool-8-thread-1-97;86;104;pool-5-thread-5-77;6;pool-6-thread-4-84;
101;Bennett;50;60;pool-7-thread-8-96;pool-8-thread-3-99;178;114;pool-5-thread-5-77;3;pool-6-thread-3-83;
102;Declan;24;63;pool-7-thread-1-89;pool-8-thread-4-100;134;93;pool-5-thread-5-77;4;pool-6-thread-8-88;
103;Waylon;37;109;pool-7-thread-3-91;pool-8-thread-1-97;84;91;pool-5-thread-5-77;4;pool-6-thread-6-86;
104;Weston;47;61;pool-7-thread-3-91;pool-8-thread-5-101;148;99;pool-5-thread-5-77;3;pool-6-thread-1-81;
105;Evan;29;192;pool-7-thread-6-94;pool-8-thread-1-97;199;190;pool-5-thread-5-77;26;pool-6-thread-8-88;
106;Emmett;23;81;pool-7-thread-3-91;pool-8-thread-1-97;191;131;pool-5-thread-4-76;2;pool-6-thread-6-86;
107;Micah;50;209;pool-7-thread-6-94;pool-8-thread-5-101;51;125;pool-5-thread-1-73;25;pool-6-thread-1-81;
108;Ryder;46;99;pool-7-thread-3-91;pool-8-thread-1-97;167;128;pool-5-thread-4-76;2;pool-6-thread-6-86;
109;Beau;31;87;pool-7-thread-6-94;pool-8-thread-5-101;52;64;pool-5-thread-1-73;2;pool-6-thread-1-81;
110;Damian;28;74;pool-7-thread-3-91;pool-8-thread-1-97;177;120;pool-5-thread-4-76;1;pool-6-thread-7-87;
111;Brayden;26;199;pool-7-thread-6-94;pool-8-thread-7-103;173;181;pool-5-thread-2-74;28;pool-6-thread-6-86;
112;Gael;45;150;pool-7-thread-3-91;pool-8-thread-8-104;119;129;pool-5-thread-3-75;8;pool-6-thread-2-82;
113;Rowan;52;131;pool-7-thread-6-94;pool-8-thread-1-97;159;140;pool-5-thread-6-78;8;pool-6-thread-7-87;
114;Harrison;39;182;pool-7-thread-3-91;pool-8-thread-7-103;136;154;pool-5-thread-5-77;29;pool-6-thread-6-86;
115;Bryson;49;60;pool-7-thread-6-94;pool-8-thread-8-104;177;113;pool-5-thread-1-73;4;pool-6-thread-2-82;
116;Sawyer;47;137;pool-7-thread-3-91;pool-8-thread-5-101;93;110;pool-5-thread-5-77;7;pool-6-thread-7-87;
117;Amir;25;95;pool-7-thread-3-91;pool-8-thread-6-102;59;72;pool-5-thread-7-79;0;pool-6-thread-6-86;
118;Kingston;42;60;pool-7-thread-4-92;pool-8-thread-2-98;167;108;pool-5-thread-5-77;3;pool-6-thread-2-82;
119;Jason;35;98;pool-7-thread-5-93;pool-8-thread-8-104;51;69;pool-5-thread-1-73;3;pool-6-thread-7-87;
120;Giovanni;39;115;pool-7-thread-2-90;pool-8-thread-6-102;111;108;pool-5-thread-7-79;5;pool-6-thread-1-81;
121;Vincent;25;145;pool-7-thread-6-94;pool-8-thread-4-100;51;93;pool-5-thread-1-73;6;pool-6-thread-2-82;
122;Ayden;39;132;pool-7-thread-1-89;pool-8-thread-3-99;168;145;pool-5-thread-7-79;5;pool-6-thread-5-85;
123;Chase;48;145;pool-7-thread-2-90;pool-8-thread-1-97;153;144;pool-5-thread-6-78;5;pool-6-thread-4-84;
124;Myles;40;148;pool-7-thread-8-96;pool-8-thread-4-100;80;109;pool-5-thread-5-77;8;pool-6-thread-3-83;
125;Diego;24;127;pool-7-thread-1-89;pool-8-thread-3-99;64;90;pool-5-thread-7-79;8;pool-6-thread-8-88;
126;Nathaniel;42;147;pool-7-thread-2-90;pool-8-thread-7-103;197;167;pool-5-thread-6-78;8;pool-6-thread-2-82;
127;Legend;21;106;pool-7-thread-8-96;pool-8-thread-2-98;103;99;pool-5-thread-5-77;2;pool-6-thread-6-86;
128;Jonah;51;107;pool-7-thread-1-89;pool-8-thread-3-99;95;96;pool-5-thread-6-78;4;pool-6-thread-8-88;
129;River;52;186;pool-7-thread-2-90;pool-8-thread-8-104;159;167;pool-5-thread-8-80;28;pool-6-thread-2-82;
130;Tyler;20;76;pool-7-thread-8-96;pool-8-thread-2-98;142;104;pool-5-thread-6-78;3;pool-6-thread-8-88;
131;Cole;29;65;pool-7-thread-3-91;pool-8-thread-7-103;165;110;pool-5-thread-3-75;4;pool-6-thread-4-84;
132;Braxton;23;170;pool-7-thread-7-95;pool-8-thread-6-102;80;120;pool-5-thread-6-78;29;pool-6-thread-8-88;
133;George;39;133;pool-7-thread-4-92;pool-8-thread-7-103;65;94;pool-5-thread-1-73;6;pool-6-thread-3-83;
134;Milo;29;191;pool-7-thread-5-93;pool-8-thread-1-97;198;189;pool-5-thread-3-75;26;pool-6-thread-4-84;
135;Zachary;29;88;pool-7-thread-7-95;pool-8-thread-6-102;78;78;pool-5-thread-6-78;0;pool-6-thread-8-88;
136;Ashton;23;69;pool-7-thread-8-96;pool-8-thread-7-103;61;60;pool-5-thread-3-75;4;pool-6-thread-3-83;
137;Luis;53;144;pool-7-thread-3-91;pool-8-thread-1-97;74;104;pool-5-thread-6-78;7;pool-6-thread-7-87;
138;Jasper;50;112;pool-7-thread-6-94;pool-8-thread-5-101;122;112;pool-5-thread-3-75;7;pool-6-thread-8-88;
139;Kaiden;23;195;pool-7-thread-1-89;pool-8-thread-6-102;165;175;pool-5-thread-5-77;25;pool-6-thread-3-83;
140;Adriel;28;114;pool-7-thread-3-91;pool-8-thread-4-100;53;78;pool-5-thread-6-78;8;pool-6-thread-7-87;
141;Gavin;26;189;pool-7-thread-2-90;pool-8-thread-8-104;117;148;pool-5-thread-3-75;28;pool-6-thread-1-81;
142;Bentley;49;144;pool-7-thread-4-92;pool-8-thread-3-99;195;164;pool-5-thread-5-77;5;pool-6-thread-6-86;
143;Calvin;42;155;pool-7-thread-3-91;pool-8-thread-2-98;200;172;pool-5-thread-6-78;7;pool-6-thread-7-87;
144;Zion;48;77;pool-7-thread-1-89;pool-8-thread-8-104;57;62;pool-5-thread-3-75;4;pool-6-thread-1-81;
145;Juan;45;139;pool-7-thread-4-92;pool-8-thread-3-99;115;122;pool-5-thread-5-77;7;pool-6-thread-2-82;
146;Maxwell;34;68;pool-7-thread-3-91;pool-8-thread-7-103;189;123;pool-5-thread-6-78;1;pool-6-thread-4-84;
147;Max;30;165;pool-7-thread-1-89;pool-8-thread-1-97;156;155;pool-5-thread-3-75;28;pool-6-thread-8-88;
148;Ryker;29;147;pool-7-thread-4-92;pool-8-thread-5-101;104;120;pool-5-thread-5-77;5;pool-6-thread-2-82;
149;Carlos;22;122;pool-7-thread-3-91;pool-8-thread-6-102;179;145;pool-5-thread-6-78;7;pool-6-thread-4-84;
150;Emmanuel;43;120;pool-7-thread-1-89;pool-8-thread-2-98;119;114;pool-5-thread-5-77;7;pool-6-thread-8-88;
151;Jayce;44;100;pool-7-thread-4-92;pool-8-thread-8-104;126;108;pool-5-thread-7-79;3;pool-6-thread-2-82;
152;Lorenzo;47;147;pool-7-thread-3-91;pool-8-thread-6-102;105;121;pool-5-thread-6-78;8;pool-6-thread-4-84;
153;Ivan;42;80;pool-7-thread-1-89;pool-8-thread-8-104;139;104;pool-5-thread-5-77;1;pool-6-thread-8-88;
154;Jude;49;76;pool-7-thread-4-92;pool-8-thread-2-98;121;93;pool-5-thread-6-78;0;pool-6-thread-2-82;
155;August;27;157;pool-7-thread-3-91;pool-8-thread-6-102;76;111;pool-5-thread-5-77;7;pool-6-thread-4-84;
156;Kevin;40;141;pool-7-thread-1-89;pool-8-thread-8-104;110;120;pool-5-thread-6-78;6;pool-6-thread-2-82;
157;Malachi;20;96;pool-7-thread-8-96;pool-8-thread-4-100;69;77;pool-5-thread-5-77;4;pool-6-thread-4-84;
158;Elliott;39;191;pool-7-thread-5-93;pool-8-thread-2-98;147;164;pool-5-thread-6-78;27;pool-6-thread-6-86;
159;Rhett;45;185;pool-7-thread-7-95;pool-8-thread-6-102;156;165;pool-5-thread-5-77;26;pool-6-thread-2-82;
160;Archer;24;187;pool-7-thread-2-90;pool-8-thread-8-104;69;123;pool-5-thread-6-78;29;pool-6-thread-3-83;
161;Karter;42;123;pool-7-thread-5-93;pool-8-thread-7-103;52;82;pool-5-thread-5-77;9;pool-6-thread-5-85;
162;Arthur;40;171;pool-7-thread-7-95;pool-8-thread-6-102;82;121;pool-5-thread-6-78;29;pool-6-thread-2-82;
163;Luka;20;129;pool-7-thread-2-90;pool-8-thread-8-104;73;96;pool-5-thread-5-77;8;pool-6-thread-3-83;
164;Elliot;24;149;pool-7-thread-5-93;pool-8-thread-6-102;58;98;pool-5-thread-6-78;9;pool-6-thread-7-87;
165;Thiago;23;88;pool-7-thread-7-95;pool-8-thread-5-101;68;73;pool-5-thread-5-77;4;pool-6-thread-8-88;
166;Brandon;27;126;pool-7-thread-8-96;pool-8-thread-6-102;120;118;pool-5-thread-6-78;6;pool-6-thread-7-87;
167;Camden;45;149;pool-7-thread-6-94;pool-8-thread-5-101;148;143;pool-5-thread-5-77;8;pool-6-thread-8-88;
168;Justin;22;119;pool-7-thread-7-95;pool-8-thread-6-102;98;103;pool-5-thread-6-78;6;pool-6-thread-5-85;
169;Jesus;25;210;pool-7-thread-4-92;pool-8-thread-5-101;94;147;pool-5-thread-8-80;26;pool-6-thread-7-87;
170;Maddox;27;138;pool-7-thread-3-91;pool-8-thread-6-102;148;138;pool-5-thread-4-76;7;pool-6-thread-8-88;
171;King;32;109;pool-7-thread-7-95;pool-8-thread-5-101;183;141;pool-5-thread-2-74;2;pool-6-thread-5-85;
172;Theo;28;62;pool-7-thread-4-92;pool-8-thread-6-102;84;68;pool-5-thread-6-78;1;pool-6-thread-7-87;
173;Enzo;39;142;pool-7-thread-3-91;pool-8-thread-4-100;60;96;pool-5-thread-2-74;9;pool-6-thread-8-88;
174;Matteo;30;68;pool-7-thread-7-95;pool-8-thread-1-97;192;125;pool-5-thread-1-73;4;pool-6-thread-5-85;
175;Emiliano;51;187;pool-7-thread-1-89;pool-8-thread-3-99;144;160;pool-5-thread-2-74;29;pool-6-thread-7-87;
176;Dean;45;187;pool-7-thread-2-90;pool-8-thread-4-100;191;184;pool-5-thread-1-73;25;pool-6-thread-1-81;
177;Hayden;39;128;pool-7-thread-5-93;pool-8-thread-2-98;195;156;pool-5-thread-1-73;8;pool-6-thread-4-84;
178;Finn;34;132;pool-7-thread-1-89;pool-8-thread-7-103;79;100;pool-5-thread-8-80;7;pool-6-thread-6-86;
179;Brody;52;69;pool-7-thread-2-90;pool-8-thread-8-104;190;124;pool-5-thread-1-73;4;pool-6-thread-2-82;
180;Antonio;32;164;pool-7-thread-5-93;pool-8-thread-2-98;62;108;pool-5-thread-8-80;26;pool-6-thread-3-83;
181;Abel;40;158;pool-7-thread-2-90;pool-8-thread-7-103;188;168;pool-5-thread-1-73;8;pool-6-thread-6-86;
182;Alex;34;86;pool-7-thread-4-92;pool-8-thread-8-104;67;71;pool-5-thread-8-80;2;pool-6-thread-2-82;
183;Tristan;30;141;pool-7-thread-3-91;pool-8-thread-2-98;119;125;pool-5-thread-1-73;5;pool-6-thread-8-88;
184;Graham;51;103;pool-7-thread-7-95;pool-8-thread-6-102;61;77;pool-5-thread-8-80;1;pool-6-thread-6-86;
185;Zayden;31;101;pool-7-thread-7-95;pool-8-thread-5-101;102;96;pool-5-thread-1-73;4;pool-6-thread-4-84;
186;Judah;27;147;pool-7-thread-3-91;pool-8-thread-1-97;113;125;pool-5-thread-8-80;6;pool-6-thread-8-88;
187;Xander;44;75;pool-7-thread-4-92;pool-8-thread-6-102;159;112;pool-5-thread-1-73;4;pool-6-thread-6-86;
188;Miguel;35;162;pool-7-thread-3-91;pool-8-thread-5-101;112;132;pool-5-thread-5-77;25;pool-6-thread-4-84;
189;Atlas;48;155;pool-7-thread-4-92;pool-8-thread-3-99;144;144;pool-5-thread-1-73;9;pool-6-thread-8-88;
190;Messiah;27;77;pool-7-thread-3-91;pool-8-thread-6-102;66;66;pool-5-thread-5-77;2;pool-6-thread-6-86;
191;Barrett;21;98;pool-7-thread-4-92;pool-8-thread-5-101;144;116;pool-5-thread-1-73;3;pool-6-thread-8-88;
192;Tucker;25;189;pool-7-thread-3-91;pool-8-thread-3-99;185;182;pool-5-thread-5-77;28;pool-6-thread-3-83;
193;Timothy;32;142;pool-7-thread-6-94;pool-8-thread-5-101;63;97;pool-5-thread-1-73;6;pool-6-thread-7-87;
194;Alan;40;107;pool-7-thread-4-92;pool-8-thread-3-99;51;74;pool-5-thread-5-77;4;pool-6-thread-1-81;
195;Edward;45;147;pool-7-thread-8-96;pool-8-thread-4-100;104;120;pool-5-thread-1-73;9;pool-6-thread-3-83;
196;Leon;53;75;pool-7-thread-1-89;pool-8-thread-5-101;197;131;pool-5-thread-5-77;1;pool-6-thread-7-87;
197;Dawson;24;117;pool-7-thread-4-92;pool-8-thread-8-104;151;129;pool-5-thread-1-73;6;pool-6-thread-5-85;
198;Eric;47;140;pool-7-thread-5-93;pool-8-thread-2-98;73;101;pool-5-thread-5-77;7;pool-6-thread-2-82;
199;Ace;32;177;pool-7-thread-1-89;pool-8-thread-5-101;101;134;pool-5-thread-1-73;28;pool-6-thread-4-84;
200;Victor;53;70;pool-7-thread-4-92;pool-8-thread-2-98;148;104;pool-5-thread-5-77;2;pool-6-thread-5-85;
