1;Liam;36;197;ThreadNo2b-447;ThreadNo3-656;164;180;ThreadNo1-31;27;ThreadNo2a-239;
2;Noah;39;185;ThreadNo2b-449;ThreadNo3-658;71;128;ThreadNo1-33;28;ThreadNo2a-241;
3;Oliver;51;78;ThreadNo2b-451;ThreadNo3-660;81;79;ThreadNo1-35;4;ThreadNo2a-243;
4;Elijah;39;52;ThreadNo2b-453;ThreadNo3-662;106;79;ThreadNo1-37;1;ThreadNo2a-245;
5;William;34;116;ThreadNo2b-455;ThreadNo3-664;61;88;ThreadNo1-39;9;ThreadNo2a-247;
6;James;30;67;ThreadNo2b-457;ThreadNo3-666;142;104;ThreadNo1-41;4;ThreadNo2a-249;
7;Benjamin;46;190;ThreadNo2b-459;ThreadNo3-668;126;158;ThreadNo1-43;28;ThreadNo2a-251;
8;Lucas;24;120;ThreadNo2b-462;ThreadNo3-670;191;155;ThreadNo1-45;5;ThreadNo2a-253;
9;Henry;37;182;ThreadNo2b-447;ThreadNo3-656;104;143;ThreadNo1-33;29;ThreadNo2a-241;
10;Alexander;44;186;ThreadNo2b-447;ThreadNo3-656;143;164;ThreadNo1-31;27;ThreadNo2a-241;
11;Mason;21;165;ThreadNo2b-447;ThreadNo3-656;182;173;ThreadNo1-33;25;ThreadNo2a-241;
12;Michael;31;157;ThreadNo2b-447;ThreadNo3-656;149;153;ThreadNo1-33;27;ThreadNo2a-241;
13;Ethan;41;110;ThreadNo2b-447;ThreadNo3-656;180;145;ThreadNo1-33;9;ThreadNo2a-241;
14;Daniel;44;99;ThreadNo2b-447;ThreadNo3-670;84;91;ThreadNo1-35;3;ThreadNo2a-241;
15;Jacob;28;76;ThreadNo2b-447;ThreadNo3-656;181;128;ThreadNo1-33;1;ThreadNo2a-241;
16;Logan;21;75;ThreadNo2b-447;ThreadNo3-656;173;124;ThreadNo1-35;2;ThreadNo2a-241;
17;Jackson;37;145;ThreadNo2b-447;ThreadNo3-670;116;130;ThreadNo1-33;8;ThreadNo2a-241;
18;Levi;29;57;ThreadNo2b-447;ThreadNo3-656;83;70;ThreadNo1-33;2;ThreadNo2a-241;
19;Sebastian;33;142;ThreadNo2b-447;ThreadNo3-670;88;115;ThreadNo1-33;6;ThreadNo2a-241;
20;Mateo;47;196;ThreadNo2b-447;ThreadNo3-656;200;198;ThreadNo1-37;28;ThreadNo2a-241;
21;Jack;37;160;ThreadNo2b-447;ThreadNo3-670;119;139;ThreadNo1-33;28;ThreadNo2a-241;
22;Owen;43;55;ThreadNo2b-447;ThreadNo3-656;65;60;ThreadNo1-37;4;ThreadNo2a-241;
23;Theodore;32;181;ThreadNo2b-447;ThreadNo3-670;102;141;ThreadNo1-31;28;ThreadNo2a-241;
24;Aiden;50;118;ThreadNo2b-447;ThreadNo3-656;128;123;ThreadNo1-39;7;ThreadNo2a-241;
25;Samuel;39;83;ThreadNo2b-447;ThreadNo3-670;64;73;ThreadNo1-31;3;ThreadNo2a-241;
26;Joseph;52;158;ThreadNo2b-447;ThreadNo3-656;123;140;ThreadNo1-31;26;ThreadNo2a-241;
27;John;49;188;ThreadNo2b-447;ThreadNo3-670;104;146;ThreadNo1-41;29;ThreadNo2a-241;
28;David;47;124;ThreadNo2b-447;ThreadNo3-656;139;131;ThreadNo1-41;5;ThreadNo2a-241;
29;Wyatt;40;84;ThreadNo2b-447;ThreadNo3-670;119;101;ThreadNo1-41;2;ThreadNo2a-241;
30;Matthew;39;57;ThreadNo2b-447;ThreadNo3-656;64;60;ThreadNo1-41;1;ThreadNo2a-241;
31;Luke;26;144;ThreadNo2b-447;ThreadNo3-670;82;113;ThreadNo1-41;8;ThreadNo2a-241;
32;Asher;30;133;ThreadNo2b-447;ThreadNo3-656;73;103;ThreadNo1-41;5;ThreadNo2a-241;
33;Carter;45;151;ThreadNo2b-447;ThreadNo3-670;191;171;ThreadNo1-41;25;ThreadNo2a-241;
34;Julian;48;101;ThreadNo2b-447;ThreadNo3-656;152;126;ThreadNo1-41;9;ThreadNo2a-241;
35;Grayson;31;120;ThreadNo2b-447;ThreadNo3-670;150;135;ThreadNo1-41;8;ThreadNo2a-241;
36;Leo;34;180;ThreadNo2b-447;ThreadNo3-656;175;177;ThreadNo1-41;26;ThreadNo2a-241;
37;Jayden;21;51;ThreadNo2b-447;ThreadNo3-670;179;115;ThreadNo1-41;3;ThreadNo2a-241;
38;Gabriel;46;57;ThreadNo2b-451;ThreadNo3-656;129;93;ThreadNo1-41;0;ThreadNo2a-241;
39;Isaac;45;132;ThreadNo2b-449;ThreadNo3-670;82;107;ThreadNo1-41;6;ThreadNo2a-241;
40;Lincoln;24;135;ThreadNo2b-449;ThreadNo3-656;152;143;ThreadNo1-41;9;ThreadNo2a-241;
41;Anthony;27;157;ThreadNo2b-449;ThreadNo3-656;177;167;ThreadNo1-41;27;ThreadNo2a-241;
42;Hudson;45;88;ThreadNo2b-451;ThreadNo3-656;105;96;ThreadNo1-41;3;ThreadNo2a-241;
43;Dylan;29;199;ThreadNo2b-451;ThreadNo3-656;182;190;ThreadNo1-41;27;ThreadNo2a-241;
44;Ezra;22;65;ThreadNo2b-451;ThreadNo3-656;177;121;ThreadNo1-41;0;ThreadNo2a-241;
45;Thomas;31;80;ThreadNo2b-451;ThreadNo3-670;93;86;ThreadNo1-41;3;ThreadNo2a-241;
46;Charles;44;79;ThreadNo2b-451;ThreadNo3-656;127;103;ThreadNo1-41;0;ThreadNo2a-241;
47;Christopher;31;194;ThreadNo2b-451;ThreadNo3-656;122;158;ThreadNo1-41;28;ThreadNo2a-241;
48;Jaxon;41;64;ThreadNo2b-451;ThreadNo3-670;128;96;ThreadNo1-41;1;ThreadNo2a-241;
49;Maverick;40;66;ThreadNo2b-451;ThreadNo3-656;147;106;ThreadNo1-41;4;ThreadNo2a-241;
50;Josiah;43;145;ThreadNo2b-451;ThreadNo3-670;74;109;ThreadNo1-41;9;ThreadNo2a-241;
51;Isaiah;20;185;ThreadNo2b-451;ThreadNo3-656;152;168;ThreadNo1-41;27;ThreadNo2a-241;
52;Andrew;51;149;ThreadNo2b-451;ThreadNo3-670;137;143;ThreadNo1-41;9;ThreadNo2a-243;
53;Elias;45;180;ThreadNo2b-451;ThreadNo3-656;102;141;ThreadNo1-41;29;ThreadNo2a-241;
54;Joshua;46;123;ThreadNo2b-451;ThreadNo3-670;100;111;ThreadNo1-41;6;ThreadNo2a-241;
55;Nathan;53;119;ThreadNo2b-451;ThreadNo3-656;118;118;ThreadNo1-41;7;ThreadNo2a-245;
56;Caleb;23;156;ThreadNo2b-451;ThreadNo3-670;122;139;ThreadNo1-43;25;ThreadNo2a-241;
57;Ryan;33;167;ThreadNo2b-451;ThreadNo3-656;64;115;ThreadNo1-35;28;ThreadNo2a-241;
58;Adrian;40;156;ThreadNo2b-451;ThreadNo3-670;77;116;ThreadNo1-33;25;ThreadNo2a-253;
59;Miles;32;114;ThreadNo2b-451;ThreadNo3-670;134;124;ThreadNo1-35;5;ThreadNo2a-241;
60;Eli;23;62;ThreadNo2b-451;ThreadNo3-670;170;116;ThreadNo1-37;3;ThreadNo2a-253;
61;Nolan;20;122;ThreadNo2b-451;ThreadNo3-658;91;106;ThreadNo1-35;7;ThreadNo2a-253;
62;Christian;21;181;ThreadNo2b-451;ThreadNo3-660;81;131;ThreadNo1-37;27;ThreadNo2a-253;
63;Aaron;21;145;ThreadNo2b-451;ThreadNo3-658;124;134;ThreadNo1-35;9;ThreadNo2a-253;
64;Cameron;29;194;ThreadNo2b-451;ThreadNo3-658;174;184;ThreadNo1-37;26;ThreadNo2a-253;
65;Ezekiel;50;139;ThreadNo2b-457;ThreadNo3-660;112;125;ThreadNo1-35;9;ThreadNo2a-253;
66;Colton;27;133;ThreadNo2b-457;ThreadNo3-658;154;143;ThreadNo1-37;8;ThreadNo2a-253;
67;Luca;29;53;ThreadNo2b-457;ThreadNo3-660;96;74;ThreadNo1-37;4;ThreadNo2a-253;
68;Landon;52;189;ThreadNo2b-457;ThreadNo3-658;100;144;ThreadNo1-43;27;ThreadNo2a-253;
69;Hunter;36;155;ThreadNo2b-457;ThreadNo3-660;82;118;ThreadNo1-37;27;ThreadNo2a-253;
70;Jonathan;37;63;ThreadNo2b-457;ThreadNo3-658;171;117;ThreadNo1-43;2;ThreadNo2a-253;
71;Santiago;43;118;ThreadNo2b-457;ThreadNo3-660;154;136;ThreadNo1-37;8;ThreadNo2a-253;
72;Axel;31;126;ThreadNo2b-457;ThreadNo3-658;95;110;ThreadNo1-39;7;ThreadNo2a-253;
73;Easton;46;91;ThreadNo2b-457;ThreadNo3-658;168;129;ThreadNo1-41;1;ThreadNo2a-253;
74;Cooper;43;106;ThreadNo2b-459;ThreadNo3-670;197;151;ThreadNo1-39;7;ThreadNo2a-253;
75;Jeremiah;30;94;ThreadNo2b-459;ThreadNo3-658;191;142;ThreadNo1-39;2;ThreadNo2a-253;
76;Angel;28;82;ThreadNo2b-459;ThreadNo3-670;124;103;ThreadNo1-39;2;ThreadNo2a-253;
77;Roman;52;110;ThreadNo2b-459;ThreadNo3-658;73;91;ThreadNo1-37;7;ThreadNo2a-253;
78;Connor;28;97;ThreadNo2b-459;ThreadNo3-670;163;130;ThreadNo1-37;1;ThreadNo2a-253;
79;Jameson;48;196;ThreadNo2b-459;ThreadNo3-658;186;191;ThreadNo1-33;29;ThreadNo2a-253;
80;Robert;40;123;ThreadNo2b-459;ThreadNo3-670;102;112;ThreadNo1-33;9;ThreadNo2a-253;
81;Greyson;32;153;ThreadNo2b-459;ThreadNo3-658;155;154;ThreadNo1-33;29;ThreadNo2a-253;
82;Jordan;49;108;ThreadNo2b-459;ThreadNo3-670;102;105;ThreadNo1-41;9;ThreadNo2a-253;
83;Ian;40;74;ThreadNo2b-459;ThreadNo3-658;136;105;ThreadNo1-41;4;ThreadNo2a-253;
84;Carson;41;94;ThreadNo2b-459;ThreadNo3-670;92;93;ThreadNo1-41;4;ThreadNo2a-253;
85;Jaxson;44;101;ThreadNo2b-459;ThreadNo3-658;158;129;ThreadNo1-41;8;ThreadNo2a-253;
86;Leonardo;35;122;ThreadNo2b-459;ThreadNo3-670;104;113;ThreadNo1-31;6;ThreadNo2a-253;
87;Nicholas;53;158;ThreadNo2b-459;ThreadNo3-658;62;110;ThreadNo1-41;28;ThreadNo2a-239;
88;Dominic;50;113;ThreadNo2b-459;ThreadNo3-670;66;89;ThreadNo1-31;9;ThreadNo2a-253;
89;Austin;21;120;ThreadNo2b-459;ThreadNo3-658;96;108;ThreadNo1-31;9;ThreadNo2a-253;
90;Everett;51;95;ThreadNo2b-459;ThreadNo3-670;190;142;ThreadNo1-43;2;ThreadNo2a-239;
91;Brooks;20;158;ThreadNo2b-459;ThreadNo3-658;103;130;ThreadNo1-43;25;ThreadNo2a-253;
92;Xavier;20;126;ThreadNo2b-459;ThreadNo3-658;103;114;ThreadNo1-43;5;ThreadNo2a-253;
93;Kai;39;187;ThreadNo2b-459;ThreadNo3-658;64;125;ThreadNo1-45;25;ThreadNo2a-239;
94;Jose;38;129;ThreadNo2b-459;ThreadNo3-658;148;138;ThreadNo1-45;7;ThreadNo2a-253;
95;Parker;39;144;ThreadNo2b-459;ThreadNo3-658;154;149;ThreadNo1-45;9;ThreadNo2a-253;
96;Adam;39;132;ThreadNo2b-453;ThreadNo3-658;59;95;ThreadNo1-45;7;ThreadNo2a-239;
97;Jace;28;177;ThreadNo2b-459;ThreadNo3-658;160;168;ThreadNo1-45;28;ThreadNo2a-253;
98;Wesley;44;137;ThreadNo2b-459;ThreadNo3-658;70;103;ThreadNo1-45;8;ThreadNo2a-253;
99;Kayden;29;86;ThreadNo2b-453;ThreadNo3-658;50;68;ThreadNo1-45;1;ThreadNo2a-239;
100;Silas;30;123;ThreadNo2b-459;ThreadNo3-658;86;104;ThreadNo1-45;6;ThreadNo2a-253;
101;Bennett;50;50;ThreadNo2b-459;ThreadNo3-658;178;114;ThreadNo1-45;3;ThreadNo2a-253;
102;Declan;24;53;ThreadNo2b-459;ThreadNo3-658;134;93;ThreadNo1-45;4;ThreadNo2a-239;
103;Waylon;37;99;ThreadNo2b-459;ThreadNo3-658;84;91;ThreadNo1-45;4;ThreadNo2a-253;
104;Weston;47;51;ThreadNo2b-459;ThreadNo3-658;148;99;ThreadNo1-45;3;ThreadNo2a-253;
105;Evan;29;182;ThreadNo2b-455;ThreadNo3-658;199;190;ThreadNo1-45;26;ThreadNo2a-239;
106;Emmett;23;71;ThreadNo2b-459;ThreadNo3-658;191;131;ThreadNo1-45;2;ThreadNo2a-253;
107;Micah;50;199;ThreadNo2b-459;ThreadNo3-658;51;125;ThreadNo1-45;25;ThreadNo2a-239;
108;Ryder;46;89;ThreadNo2b-455;ThreadNo3-658;167;128;ThreadNo1-45;2;ThreadNo2a-253;
109;Beau;31;77;ThreadNo2b-455;ThreadNo3-658;52;64;ThreadNo1-45;2;ThreadNo2a-253;
110;Damian;28;64;ThreadNo2b-455;ThreadNo3-658;177;120;ThreadNo1-45;1;ThreadNo2a-239;
111;Brayden;26;189;ThreadNo2b-459;ThreadNo3-658;173;181;ThreadNo1-45;28;ThreadNo2a-239;
112;Gael;45;140;ThreadNo2b-449;ThreadNo3-658;119;129;ThreadNo1-45;8;ThreadNo2a-239;
113;Rowan;52;121;ThreadNo2b-447;ThreadNo3-658;159;140;ThreadNo1-45;8;ThreadNo2a-239;
114;Harrison;39;172;ThreadNo2b-455;ThreadNo3-658;136;154;ThreadNo1-45;29;ThreadNo2a-239;
115;Bryson;49;50;ThreadNo2b-453;ThreadNo3-658;177;113;ThreadNo1-45;4;ThreadNo2a-239;
116;Sawyer;47;127;ThreadNo2b-455;ThreadNo3-658;93;110;ThreadNo1-45;7;ThreadNo2a-239;
117;Amir;25;85;ThreadNo2b-453;ThreadNo3-658;59;72;ThreadNo1-45;0;ThreadNo2a-239;
118;Kingston;42;50;ThreadNo2b-453;ThreadNo3-658;167;108;ThreadNo1-45;3;ThreadNo2a-239;
119;Jason;35;88;ThreadNo2b-447;ThreadNo3-658;51;69;ThreadNo1-45;3;ThreadNo2a-239;
120;Giovanni;39;105;ThreadNo2b-453;ThreadNo3-658;111;108;ThreadNo1-45;5;ThreadNo2a-239;
121;Vincent;25;135;ThreadNo2b-447;ThreadNo3-658;51;93;ThreadNo1-45;6;ThreadNo2a-239;
122;Ayden;39;122;ThreadNo2b-453;ThreadNo3-658;168;145;ThreadNo1-45;5;ThreadNo2a-239;
123;Chase;48;135;ThreadNo2b-447;ThreadNo3-658;153;144;ThreadNo1-45;5;ThreadNo2a-239;
124;Myles;40;138;ThreadNo2b-453;ThreadNo3-658;80;109;ThreadNo1-45;8;ThreadNo2a-239;
125;Diego;24;117;ThreadNo2b-447;ThreadNo3-658;64;90;ThreadNo1-45;8;ThreadNo2a-239;
126;Nathaniel;42;137;ThreadNo2b-453;ThreadNo3-658;197;167;ThreadNo1-45;8;ThreadNo2a-239;
127;Legend;21;96;ThreadNo2b-447;ThreadNo3-658;103;99;ThreadNo1-45;2;ThreadNo2a-239;
128;Jonah;51;97;ThreadNo2b-453;ThreadNo3-658;95;96;ThreadNo1-45;4;ThreadNo2a-239;
129;River;52;176;ThreadNo2b-447;ThreadNo3-658;159;167;ThreadNo1-45;28;ThreadNo2a-239;
130;Tyler;20;66;ThreadNo2b-447;ThreadNo3-658;142;104;ThreadNo1-45;3;ThreadNo2a-239;
131;Cole;29;55;ThreadNo2b-447;ThreadNo3-658;165;110;ThreadNo1-45;4;ThreadNo2a-239;
132;Braxton;23;160;ThreadNo2b-447;ThreadNo3-658;80;120;ThreadNo1-45;29;ThreadNo2a-239;
133;George;39;123;ThreadNo2b-447;ThreadNo3-658;65;94;ThreadNo1-45;6;ThreadNo2a-239;
134;Milo;29;181;ThreadNo2b-447;ThreadNo3-658;198;189;ThreadNo1-45;26;ThreadNo2a-239;
135;Zachary;29;78;ThreadNo2b-447;ThreadNo3-658;78;78;ThreadNo1-45;0;ThreadNo2a-239;
136;Ashton;23;59;ThreadNo2b-447;ThreadNo3-658;61;60;ThreadNo1-45;4;ThreadNo2a-239;
137;Luis;53;134;ThreadNo2b-447;ThreadNo3-660;74;104;ThreadNo1-45;7;ThreadNo2a-239;
138;Jasper;50;102;ThreadNo2b-447;ThreadNo3-658;122;112;ThreadNo1-45;7;ThreadNo2a-239;
139;Kaiden;23;185;ThreadNo2b-447;ThreadNo3-662;165;175;ThreadNo1-45;25;ThreadNo2a-239;
140;Adriel;28;104;ThreadNo2b-447;ThreadNo3-660;53;78;ThreadNo1-45;8;ThreadNo2a-239;
141;Gavin;26;179;ThreadNo2b-447;ThreadNo3-660;117;148;ThreadNo1-45;28;ThreadNo2a-239;
142;Bentley;49;134;ThreadNo2b-447;ThreadNo3-660;195;164;ThreadNo1-45;5;ThreadNo2a-239;
143;Calvin;42;145;ThreadNo2b-447;ThreadNo3-662;200;172;ThreadNo1-45;7;ThreadNo2a-239;
144;Zion;48;67;ThreadNo2b-447;ThreadNo3-660;57;62;ThreadNo1-45;4;ThreadNo2a-239;
145;Juan;45;129;ThreadNo2b-447;ThreadNo3-662;115;122;ThreadNo1-45;7;ThreadNo2a-239;
146;Maxwell;34;58;ThreadNo2b-447;ThreadNo3-662;189;123;ThreadNo1-45;1;ThreadNo2a-239;
147;Max;30;155;ThreadNo2b-447;ThreadNo3-662;156;155;ThreadNo1-45;28;ThreadNo2a-239;
148;Ryker;29;137;ThreadNo2b-447;ThreadNo3-662;104;120;ThreadNo1-45;5;ThreadNo2a-239;
149;Carlos;22;112;ThreadNo2b-447;ThreadNo3-662;179;145;ThreadNo1-45;7;ThreadNo2a-239;
150;Emmanuel;43;110;ThreadNo2b-447;ThreadNo3-662;119;114;ThreadNo1-45;7;ThreadNo2a-239;
151;Jayce;44;90;ThreadNo2b-447;ThreadNo3-662;126;108;ThreadNo1-45;3;ThreadNo2a-239;
152;Lorenzo;47;137;ThreadNo2b-447;ThreadNo3-662;105;121;ThreadNo1-45;8;ThreadNo2a-239;
153;Ivan;42;70;ThreadNo2b-447;ThreadNo3-662;139;104;ThreadNo1-45;1;ThreadNo2a-239;
154;Jude;49;66;ThreadNo2b-447;ThreadNo3-662;121;93;ThreadNo1-45;0;ThreadNo2a-239;
155;August;27;147;ThreadNo2b-447;ThreadNo3-662;76;111;ThreadNo1-45;7;ThreadNo2a-239;
156;Kevin;40;131;ThreadNo2b-447;ThreadNo3-662;110;120;ThreadNo1-45;6;ThreadNo2a-239;
157;Malachi;20;86;ThreadNo2b-447;ThreadNo3-662;69;77;ThreadNo1-45;4;ThreadNo2a-239;
158;Elliott;39;181;ThreadNo2b-447;ThreadNo3-662;147;164;ThreadNo1-45;27;ThreadNo2a-239;
159;Rhett;45;175;ThreadNo2b-447;ThreadNo3-662;156;165;ThreadNo1-45;26;ThreadNo2a-239;
160;Archer;24;177;ThreadNo2b-447;ThreadNo3-662;69;123;ThreadNo1-45;29;ThreadNo2a-239;
161;Karter;42;113;ThreadNo2b-447;ThreadNo3-662;52;82;ThreadNo1-45;9;ThreadNo2a-239;
162;Arthur;40;161;ThreadNo2b-447;ThreadNo3-662;82;121;ThreadNo1-45;29;ThreadNo2a-239;
163;Luka;20;119;ThreadNo2b-447;ThreadNo3-662;73;96;ThreadNo1-45;8;ThreadNo2a-239;
164;Elliot;24;139;ThreadNo2b-447;ThreadNo3-662;58;98;ThreadNo1-45;9;ThreadNo2a-239;
165;Thiago;23;78;ThreadNo2b-447;ThreadNo3-662;68;73;ThreadNo1-45;4;ThreadNo2a-239;
166;Brandon;27;116;ThreadNo2b-447;ThreadNo3-662;120;118;ThreadNo1-45;6;ThreadNo2a-239;
167;Camden;45;139;ThreadNo2b-447;ThreadNo3-662;148;143;ThreadNo1-45;8;ThreadNo2a-239;
168;Justin;22;109;ThreadNo2b-447;ThreadNo3-662;98;103;ThreadNo1-45;6;ThreadNo2a-239;
169;Jesus;25;200;ThreadNo2b-447;ThreadNo3-662;94;147;ThreadNo1-45;26;ThreadNo2a-239;
170;Maddox;27;128;ThreadNo2b-447;ThreadNo3-662;148;138;ThreadNo1-45;7;ThreadNo2a-239;
171;King;32;99;ThreadNo2b-447;ThreadNo3-662;183;141;ThreadNo1-45;2;ThreadNo2a-239;
172;Theo;28;52;ThreadNo2b-447;ThreadNo3-662;84;68;ThreadNo1-45;1;ThreadNo2a-239;
173;Enzo;39;132;ThreadNo2b-447;ThreadNo3-662;60;96;ThreadNo1-45;9;ThreadNo2a-239;
174;Matteo;30;58;ThreadNo2b-447;ThreadNo3-662;192;125;ThreadNo1-45;4;ThreadNo2a-239;
175;Emiliano;51;177;ThreadNo2b-455;ThreadNo3-662;144;160;ThreadNo1-45;29;ThreadNo2a-239;
176;Dean;45;177;ThreadNo2b-447;ThreadNo3-662;191;184;ThreadNo1-45;25;ThreadNo2a-239;
177;Hayden;39;118;ThreadNo2b-447;ThreadNo3-662;195;156;ThreadNo1-45;8;ThreadNo2a-239;
178;Finn;34;122;ThreadNo2b-447;ThreadNo3-662;79;100;ThreadNo1-45;7;ThreadNo2a-239;
179;Brody;52;59;ThreadNo2b-447;ThreadNo3-662;190;124;ThreadNo1-45;4;ThreadNo2a-239;
180;Antonio;32;154;ThreadNo2b-447;ThreadNo3-662;62;108;ThreadNo1-45;26;ThreadNo2a-239;
181;Abel;40;148;ThreadNo2b-455;ThreadNo3-662;188;168;ThreadNo1-45;8;ThreadNo2a-239;
182;Alex;34;76;ThreadNo2b-453;ThreadNo3-662;67;71;ThreadNo1-45;2;ThreadNo2a-239;
183;Tristan;30;131;ThreadNo2b-455;ThreadNo3-662;119;125;ThreadNo1-45;5;ThreadNo2a-239;
184;Graham;51;93;ThreadNo2b-453;ThreadNo3-662;61;77;ThreadNo1-45;1;ThreadNo2a-239;
185;Zayden;31;91;ThreadNo2b-455;ThreadNo3-662;102;96;ThreadNo1-45;4;ThreadNo2a-239;
186;Judah;27;137;ThreadNo2b-455;ThreadNo3-662;113;125;ThreadNo1-45;6;ThreadNo2a-239;
187;Xander;44;65;ThreadNo2b-455;ThreadNo3-662;159;112;ThreadNo1-45;4;ThreadNo2a-239;
188;Miguel;35;152;ThreadNo2b-455;ThreadNo3-662;112;132;ThreadNo1-45;25;ThreadNo2a-239;
189;Atlas;48;145;ThreadNo2b-455;ThreadNo3-662;144;144;ThreadNo1-45;9;ThreadNo2a-239;
190;Messiah;27;67;ThreadNo2b-455;ThreadNo3-662;66;66;ThreadNo1-45;2;ThreadNo2a-239;
191;Barrett;21;88;ThreadNo2b-455;ThreadNo3-662;144;116;ThreadNo1-45;3;ThreadNo2a-239;
192;Tucker;25;179;ThreadNo2b-455;ThreadNo3-662;185;182;ThreadNo1-45;28;ThreadNo2a-239;
193;Timothy;32;132;ThreadNo2b-455;ThreadNo3-662;63;97;ThreadNo1-45;6;ThreadNo2a-239;
194;Alan;40;97;ThreadNo2b-455;ThreadNo3-662;51;74;ThreadNo1-45;4;ThreadNo2a-239;
195;Edward;45;137;ThreadNo2b-455;ThreadNo3-662;104;120;ThreadNo1-45;9;ThreadNo2a-239;
196;Leon;53;65;ThreadNo2b-455;ThreadNo3-662;197;131;ThreadNo1-45;1;ThreadNo2a-239;
197;Dawson;24;107;ThreadNo2b-455;ThreadNo3-662;151;129;ThreadNo1-45;6;ThreadNo2a-239;
198;Eric;47;130;ThreadNo2b-455;ThreadNo3-662;73;101;ThreadNo1-45;7;ThreadNo2a-239;
199;Ace;32;167;ThreadNo2b-455;ThreadNo3-662;101;134;ThreadNo1-45;28;ThreadNo2a-239;
200;Victor;53;60;ThreadNo2b-455;ThreadNo3-662;148;104;ThreadNo1-45;2;ThreadNo2a-239;
